objectid,filename,youtubeid,vimeoid,title,creator,date,description,subject,location,latitude,longitude,source,identifier,type,format,language,rights,rightsstatement,image_thumb
coll001,coll001.jpeg,,,Kappa no Yume,unknown,1900,A kappa dreams of holding a large gourd,kappa; gourd,Japan,35.0116,135.7681,"""Kappa no Yume,"" Shōbundō senjafuda collection, Coll 482, Special Collections & University Archives, University of Oregon Libraries, Eugene, Oregon.",Coll 482,Image;StillImage,image/jpeg,,Public domain,http://rightsstatements.org/vocab/NoC-US/1.0/,
coll002,coll002.jpeg,,,Kappa no Odori,unknown,1910,Three kappa dancing,kappa; dancing,Japan,35.0116,135.7681,"""Kappa no Yume,"" Shōbundō senjafuda collection, Coll 482, Special Collections & University Archives, University of Oregon Libraries, Eugene, Oregon.",Coll 482,Image;StillImage,image/jpeg,,Public domain,http://rightsstatements.org/vocab/NoC-US/1.0/,
coll003,coll003.jpeg,,,Kappa T≈çhachiken,unknown,1920,Two kappa playing tōhachiken (a hand game) for cucumbers,kappa; cucumbers; games,Japan,35.0116,135.7681,"""Kappa Tōhachiken,"" Shōbundō senjafuda collection, Coll 482, Special Collections & University Archives, University of Oregon Libraries, Eugene, Oregon.",Coll 482,Image;StillImage,image/jpeg,,Public domain,http://rightsstatements.org/vocab/NoC-US/1.0/,
coll004,coll004.jpeg,,,Kappa no Gidayū,unknown,1930,A kappa chanting giday≈´ accompanied by a female kappa playing a shamisen,kappa; chanting; shamisen,Japan,35.0116,135.7681,"""Kappa no Gidayū,"" Shōbundō senjafuda collection, Coll 482, Special Collections & University Archives, University of Oregon Libraries, Eugene, Oregon.",Coll 482,Image;StillImage,image/jpeg,,Public domain,http://rightsstatements.org/vocab/NoC-US/1.0/,
coll005,coll005.jpeg,,,"Votive slip folio 13 verso 1, 769.952.C685 v.6",unknown,1940,"A daimeifuda for Frederick Starr. The collection contains several copies of this, suggesting he used it frequently. It depicts a kappa carrying an oversized cucumber (a favorite food of kappa). The top right block of writing says ‚ÄúStarr,‚Äù the top left block says ‚ÄúGonzales,‚Äù and the smaller block above the kappa‚Äôs knee says Beikoku (America).",kappa; cucumbers,Japan,35.0116,135.7681,"Gertrude Bass Warner Memorial Library, Japanese Art, Special Collections and University Archives, University of Oregon Libraries, Eugene, Oregon.",769_952_c685_v6_0027a,Image;StillImage,image/jpeg,,Public domain,http://rightsstatements.org/vocab/NoC-US/1.0/,
coll006,coll006.jpeg,,,[Photograph folio 23 recto 3],unknown,unknown,"Photograph of Frederick Starr, name in English above Japanese text.",photographs; portraits; Japanese writing; English writing,,35.0116,135.7681,Oregon Digital URL: https://oregondigital.org/catalog/oregondigital:df72bw84f,769_952_c685_v28_0048c,Image;StillImage,image/jpeg,,Public domain,http://rightsstatements.org/vocab/NoC-US/1.0/,
coll007,coll007.jpeg,,,"Votive slip folio 17 verso 2, NE1184.35.N67 v.20",unknown,unknown,"Two-unit votive slip with double black border. Red creature. Dark grey background, two white slips with black text in upper right corner.",votive offerings; ghouls and ogres; Japanese writing,Japan,35.0116,135.7681,Oregon Digitial URL: https://oregondigital.org/catalog/oregondigital:df72h0350,NE1184_35_N67_v20_035b,Image;StillImage,image/jpeg,,Public domain,http://rightsstatements.org/vocab/NoC-US/1.0/,
coll008,coll008.jpeg,,,Fan and Shamisen Spirits,unknown,unknown,A fan (sensu) spirit held in its own hand on the right side and a shamisen spirit holding a bachi (pick) and a jorurui songbook,spirit; ghost; fan; shamisen; songbook; japanese writing,Japan,35.0116,135.7681,Archives West URL: http://archiveswest.orbiscascade.org/ark:/80444/xv85363/op=fstyle.aspx?t=k&q=shobundo,Shōbundō senjafuda collection (Coll 482),Image;StillImage,image/jpeg,,Public domain,http://rightsstatements.org/vocab/NoC-US/1.0/,
coll009,coll.jpeg,,,Teapot and Tea Cup Spirits,unknown,unknown,A teapot spirit with eyes and legs on the right and a pair of one-eyed tea cups on the left side,"teapots, tea cups, spirits, japanese writing",Japan,35.0116,135.7681,Archives West URL: http://archiveswest.orbiscascade.org/ark:/80444/xv85363/op=fstyle.aspx?t=k&q=shobundo,Shōbundō senjafuda collection (Coll 482),Image;StillImage,image/jpeg,,Public domain,http://rightsstatements.org/vocab/NoC-US/1.0/,